{
  "id": "osr-item-shop",
  "name": "osr-item-shop",
  "title": "OSR Item Shop",
  "description": "OSR Item Shop",
  "author": "RabidOwlbear",
  "authors": [
    {
      "name": "Rabid Owlbear",
      "url": "https://github.com/RabidOwlbear"
    }
  ],
  "version": "0.2.04",
  "compatibleCoreVersion": "10",
  "compatibility": {
    "minimum": "10",
    "verified": "10.284",
    "maximum": "10"
  },
  "socket": true,
  "esmodules": ["./scripts/init.js"],
  "scripts": [],
  "styles": ["./styles/item-shop.css"],
  "packs": [
    {
      "name": "osr-items",
      "label": "osr-items",
      "path": "packs/osrItems.db",
      "type": "Item",
      "entity": "Item",
      "module": "osr-item-shop",
      "system": ["ose"]
    },
    {
      "name": "osr-macros",
      "label": "OSR Macros",
      "path": "packs/osrMacros.db",
      "type": "Macro",
      "entity": "Macro",
      "module": "osr-item-shop",
      "system": ["ose"]
    },
    {
      "name": "osr-scenes",
      "label": "OSR Scenes",
      "path": "packs/osrScenes.db",
      "type": "Scene",
      "entity": "Scene",
      "module": "osr-item-shop",
      "system": ["ose"]
    }
  ],
  "relationships": {
    "systems": [{ "id": "ose" }, { "id": "ose-dev" }],
    "requires": [
      {
        "id": "compendium-folders",
        "manifest": "https://raw.githubusercontent.com/earlSt1/vtt-compendium-folders/0.1.1/module.json",
        "type": "module"
      },
      {
        "id": "lib-wrapper",
        "manifest": "https://github.com/ruipin/fvtt-lib-wrapper/releases/latest/download/module.json",
        "type": "module"
      },
      {
        "id": "socketlib",
        "manifest": "https://raw.githubusercontent.com/manuelVo/foundryvtt-socketlib/master/module.json",
        "type": "module"
      }
    ]
  },
  "url": "https://github.com/RabidOwlbear/osr-item-shop",
  "manifest": "https://raw.githubusercontent.com/RabidOwlbear/osr-item-shop/main/module.json",
  "download": "https://github.com/RabidOwlbear/osr-item-shop/archive/refs/heads/main.zip",
  "readme": "REAMDE.md"
}
